[{"Id":"ca495086-e297-4beb-9603-c5c1c1a8551e","NameCache":"","Settings":{"ShowAlerts":true,"IsActive":false},"HideOnRule":false,"HidingRules":{"Mode":0,"IsReversed":false,"Groups":[],"IsActive":false},"IsResourceOverridingEnabled":false,"MainWindowSecondaryFontSize":14,"MainWindowBodyFontSize":16,"MainWindowEmphasizedFontSize":18,"MainWindowLargeFontSize":20,"IsCustomForegroundColorEnabled":false,"ForegroundColor":{"ColorContext":null,"A":255,"R":30,"G":144,"B":255,"ScA":1,"ScR":0.0129830325,"ScG":0.2788943,"ScB":1},"IsActive":false},{"Id":"ab0f26d5-9df6-4575-b844-73b04d0907c1","NameCache":"","Settings":null,"HideOnRule":false,"HidingRules":{"Mode":0,"IsReversed":false,"Groups":[],"IsActive":false},"IsResourceOverridingEnabled":false,"MainWindowSecondaryFontSize":14,"MainWindowBodyFontSize":16,"MainWindowEmphasizedFontSize":18,"MainWindowLargeFontSize":20,"IsCustomForegroundColorEnabled":false,"ForegroundColor":{"ColorContext":null,"A":255,"R":30,"G":144,"B":255,"ScA":1,"ScR":0.0129830325,"ScG":0.2788943,"ScB":1},"IsActive":false},{"Id":"9e1af71d-8f77-4b21-a342-448787104dd9","NameCache":"","Settings":{"ShowSeconds":true,"IsActive":false},"HideOnRule":false,"HidingRules":{"Mode":0,"IsReversed":false,"Groups":[],"IsActive":false},"IsResourceOverridingEnabled":false,"MainWindowSecondaryFontSize":14,"MainWindowBodyFontSize":16,"MainWindowEmphasizedFontSize":18,"MainWindowLargeFontSize":20,"IsCustomForegroundColorEnabled":false,"ForegroundColor":{"ColorContext":null,"A":255,"R":30,"G":144,"B":255,"ScA":1,"ScR":0.0129830325,"ScG":0.2788943,"ScB":1},"IsActive":false},{"Id":"ab0f26d5-9df6-4575-b844-73b04d0907c1","NameCache":"","Settings":null,"HideOnRule":false,"HidingRules":{"Mode":0,"IsReversed":false,"Groups":[],"IsActive":false},"IsResourceOverridingEnabled":false,"MainWindowSecondaryFontSize":14,"MainWindowBodyFontSize":16,"MainWindowEmphasizedFontSize":18,"MainWindowLargeFontSize":20,"IsCustomForegroundColorEnabled":false,"ForegroundColor":{"ColorContext":null,"A":255,"R":30,"G":144,"B":255,"ScA":1,"ScR":0.0129830325,"ScG":0.2788943,"ScB":1},"IsActive":false},{"Id":"1DB2017D-E374-4BC6-9D57-0B4ADF03A6B8","NameCache":"","Settings":{"ShowExtraInfoOnTimePoint":true,"ExtraInfoType":0,"IsCountdownEnabled":true,"CountdownSeconds":60,"ExtraInfo4ShowSecondsSeconds":0,"ScheduleSpacing":1,"ShowCurrentLessonOnlyOnClass":false,"ShowPlaceholderOnEmptyClassPlan":true,"PlaceholderText":"\u4ECA\u5929\u6CA1\u6709\u8BFE\u7A0B\u3002","IsActive":false},"HideOnRule":false,"HidingRules":{"Mode":0,"IsReversed":false,"Groups":[],"IsActive":false},"IsResourceOverridingEnabled":false,"MainWindowSecondaryFontSize":14,"MainWindowBodyFontSize":16,"MainWindowEmphasizedFontSize":18,"MainWindowLargeFontSize":20,"IsCustomForegroundColorEnabled":false,"ForegroundColor":{"ColorContext":null,"A":255,"R":30,"G":144,"B":255,"ScA":1,"ScR":0.0129830325,"ScG":0.2788943,"ScB":1},"IsActive":false},{"Id":"7c645d35-8151-48ba-b4ac-15017460d994","NameCache":"","Settings":{"CountDownName":"\u4F1A\u8003\u5012\u8BA1\u65F6","OverTime":"2024-12-28T00:00:00","DaysLeft":0,"FontColor":{"ColorContext":null,"A":255,"R":255,"G":0,"B":0,"ScA":1,"ScR":1,"ScG":0,"ScB":0},"FontSize":16,"IsCompactModeEnabled":true,"IsActive":false},"HideOnRule":false,"HidingRules":{"Mode":0,"IsReversed":false,"Groups":[],"IsActive":false},"IsResourceOverridingEnabled":false,"MainWindowSecondaryFontSize":14,"MainWindowBodyFontSize":16,"MainWindowEmphasizedFontSize":18,"MainWindowLargeFontSize":20,"IsCustomForegroundColorEnabled":false,"ForegroundColor":{"ColorContext":null,"A":255,"R":30,"G":144,"B":255,"ScA":1,"ScR":0.0129830325,"ScG":0.2788943,"ScB":1},"IsActive":false}]